"party","modeldate","yes_estimate"
"ind",2020-02-12,45.486034
"rep",2020-02-12,12.400982
"dem",2020-02-12,84.388276
"dem",2020-02-11,84.388276
"ind",2020-02-11,45.486034
"rep",2020-02-11,12.400982
"dem",2020-02-10,85.171166
"ind",2020-02-10,46.486982
"rep",2020-02-10,11.152962
"rep",2020-02-09,11.152962
"dem",2020-02-09,85.171166
"ind",2020-02-09,46.486982
"ind",2020-02-08,43.250805
"rep",2020-02-08,12.596332
"dem",2020-02-08,84.058467
"ind",2020-02-07,43.250805
"dem",2020-02-07,84.058467
"rep",2020-02-07,12.596332
"dem",2020-02-06,84.058467
"rep",2020-02-06,12.596332
"ind",2020-02-06,43.250805
"rep",2020-02-05,12.596332
"ind",2020-02-05,43.250805
"dem",2020-02-05,84.058467
"rep",2020-02-04,13.02815
"ind",2020-02-04,44.948216
"dem",2020-02-04,86.003725
"rep",2020-02-03,13.02815
"ind",2020-02-03,44.948216
"dem",2020-02-03,86.003725
"rep",2020-02-02,13.02815
"ind",2020-02-02,44.948216
"dem",2020-02-02,86.003725
"rep",2020-02-01,13.02815
"ind",2020-02-01,44.948216
"dem",2020-02-01,86.003725
"dem",2020-01-31,86.022594
"ind",2020-01-31,44.858269
"rep",2020-01-31,12.597327
"rep",2020-01-30,12.597327
"ind",2020-01-30,44.858269
"dem",2020-01-30,86.022594
"rep",2020-01-29,12.597327
"ind",2020-01-29,44.858269
"dem",2020-01-29,86.022594
"rep",2020-01-28,12.421853
"ind",2020-01-28,45.497263
"dem",2020-01-28,86.875301
"rep",2020-01-27,11.459706
"ind",2020-01-27,46.509492
"dem",2020-01-27,88.028561
"rep",2020-01-26,11.459706
"dem",2020-01-26,88.028561
"ind",2020-01-26,46.509492
"ind",2020-01-25,46.509492
"rep",2020-01-25,11.459706
"dem",2020-01-25,88.028561
"rep",2020-01-24,11.459706
"ind",2020-01-24,46.509492
"dem",2020-01-24,88.028561
"rep",2020-01-23,10.794039
"ind",2020-01-23,47.152956
"dem",2020-01-23,86.961341
"rep",2020-01-22,10.794039
"ind",2020-01-22,47.152956
"dem",2020-01-22,86.961341
"ind",2020-01-21,48.457488
"rep",2020-01-21,11.134228
"dem",2020-01-21,87.709612
"ind",2020-01-20,47.740969
"rep",2020-01-20,12.583661
"dem",2020-01-20,86.274524
"rep",2020-01-19,12.583661
"dem",2020-01-19,86.274524
"ind",2020-01-19,47.740969
"dem",2020-01-18,86.274524
"rep",2020-01-18,12.583661
"ind",2020-01-18,47.740969
"dem",2020-01-17,86.274524
"ind",2020-01-17,47.740969
"rep",2020-01-17,12.583661
"rep",2020-01-16,12.583661
"ind",2020-01-16,47.740969
"dem",2020-01-16,86.274524
"rep",2020-01-15,12.583661
"ind",2020-01-15,47.740969
"dem",2020-01-15,86.274524
"rep",2020-01-14,12.925367
"dem",2020-01-14,86.289581
"ind",2020-01-14,50.296077
"rep",2020-01-13,12.925367
"ind",2020-01-13,50.296077
"dem",2020-01-13,86.289581
"ind",2020-01-12,50.296077
"rep",2020-01-12,12.925367
"dem",2020-01-12,86.289581
"dem",2020-01-11,83.680921
"ind",2020-01-11,46.904149
"rep",2020-01-11,14.589094
"rep",2020-01-10,14.589094
"ind",2020-01-10,46.904149
"dem",2020-01-10,83.680921
"rep",2020-01-09,14.589094
"ind",2020-01-09,46.904149
"dem",2020-01-09,83.680921
"rep",2020-01-08,14.589094
"ind",2020-01-08,46.904149
"dem",2020-01-08,83.680921
"dem",2020-01-07,83.923871
"rep",2020-01-07,15.110972
"ind",2020-01-07,47.036334
"ind",2020-01-06,47.036334
"dem",2020-01-06,83.923871
"rep",2020-01-06,15.110972
"ind",2020-01-05,47.036334
"rep",2020-01-05,15.110972
"dem",2020-01-05,83.923871
"ind",2020-01-04,45.601118
"rep",2020-01-04,14.883049
"dem",2020-01-04,83.365446
"rep",2020-01-03,14.883049
"ind",2020-01-03,45.601118
"dem",2020-01-03,83.365446
"dem",2020-01-02,83.365446
"rep",2020-01-02,14.883049
"ind",2020-01-02,45.601118
"ind",2020-01-01,43.739872
"dem",2020-01-01,82.493589
"rep",2020-01-01,11.339367
"ind",2019-12-31,43.739872
"dem",2019-12-31,82.493589
"rep",2019-12-31,11.339367
"dem",2019-12-30,82.41818
"rep",2019-12-30,11.105003
"ind",2019-12-30,44.372834
"ind",2019-12-29,44.372834
"rep",2019-12-29,11.105003
"dem",2019-12-29,82.41818
"ind",2019-12-28,44.372834
"rep",2019-12-28,11.105003
"dem",2019-12-28,82.41818
"ind",2019-12-27,44.372834
"rep",2019-12-27,11.105003
"dem",2019-12-27,82.41818
"dem",2019-12-26,82.41818
"rep",2019-12-26,11.105003
"ind",2019-12-26,44.372834
"rep",2019-12-25,11.105003
"ind",2019-12-25,44.372834
"dem",2019-12-25,82.41818
"rep",2019-12-24,11.123541
"ind",2019-12-24,44.115561
"dem",2019-12-24,82.596254
"rep",2019-12-23,11.015099
"ind",2019-12-23,44.064507
"dem",2019-12-23,82.47715
"rep",2019-12-22,11.015099
"dem",2019-12-22,82.47715
"ind",2019-12-22,44.064507
"rep",2019-12-21,11.015099
"ind",2019-12-21,44.064507
"dem",2019-12-21,82.47715
"rep",2019-12-20,11.12458
"ind",2019-12-20,44.309951
"dem",2019-12-20,82.20181
"rep",2019-12-19,10.588987
"ind",2019-12-19,43.956541
"dem",2019-12-19,82.182311
"dem",2019-12-18,82.678725
"rep",2019-12-18,10.178396
"ind",2019-12-18,44.378727
"dem",2019-12-17,81.975003
"ind",2019-12-17,43.190617
"rep",2019-12-17,9.8149299
"ind",2019-12-16,42.802616
"dem",2019-12-16,83.12892
"rep",2019-12-16,8.6175675
"ind",2019-12-15,43.052896
"dem",2019-12-15,84.577664
"rep",2019-12-15,9.9828612
"dem",2019-12-14,84.577664
"ind",2019-12-14,43.052896
"rep",2019-12-14,9.9828612
"dem",2019-12-13,84.66788
"rep",2019-12-13,9.7235905
"ind",2019-12-13,42.837853
"ind",2019-12-12,43.012441
"dem",2019-12-12,84.676392
"rep",2019-12-12,9.4217265
"rep",2019-12-11,9.637871
"ind",2019-12-11,42.554648
"dem",2019-12-11,83.985211
"rep",2019-12-10,7.8620204
"ind",2019-12-10,44.020092
"dem",2019-12-10,83.253035
"ind",2019-12-09,43.717407
"rep",2019-12-09,9.1177506
"dem",2019-12-09,83.162608
"dem",2019-12-08,83.162608
"ind",2019-12-08,43.717407
"rep",2019-12-08,9.1177506
"ind",2019-12-07,43.717407
"rep",2019-12-07,9.1177506
"dem",2019-12-07,83.162608
"dem",2019-12-06,83.024015
"rep",2019-12-06,9.6999114
"ind",2019-12-06,43.815116
"ind",2019-12-05,43.815116
"rep",2019-12-05,9.6999114
"dem",2019-12-05,83.024015
"rep",2019-12-04,9.6999114
"ind",2019-12-04,43.815116
"dem",2019-12-04,83.024015
"rep",2019-12-03,11.387585
"dem",2019-12-03,83.798077
"ind",2019-12-03,44.529841
"rep",2019-12-02,11.387585
"ind",2019-12-02,44.529841
"dem",2019-12-02,83.798077
"rep",2019-12-01,11.387585
"dem",2019-12-01,83.798077
"ind",2019-12-01,44.529841
"rep",2019-11-30,11.387585
"ind",2019-11-30,44.529841
"dem",2019-11-30,83.798077
"dem",2019-11-29,83.798077
"rep",2019-11-29,11.387585
"ind",2019-11-29,44.529841
"dem",2019-11-28,83.798077
"rep",2019-11-28,11.387585
"ind",2019-11-28,44.529841
"dem",2019-11-27,83.727217
"rep",2019-11-27,11.45322
"ind",2019-11-27,44.476492
"dem",2019-11-26,83.652509
"ind",2019-11-26,44.85747
"rep",2019-11-26,11.614713
"dem",2019-11-25,82.372132
"rep",2019-11-25,11.429537
"ind",2019-11-25,42.459537
"ind",2019-11-24,41.220459
"rep",2019-11-24,12.030682
"dem",2019-11-24,80.281798
"dem",2019-11-23,80.312954
"rep",2019-11-23,12.200838
"ind",2019-11-23,40.987034
"dem",2019-11-22,80.312954
"ind",2019-11-22,40.987034
"rep",2019-11-22,12.200838
"ind",2019-11-21,40.987034
"dem",2019-11-21,80.312954
"rep",2019-11-21,12.200838
"rep",2019-11-20,9.9725199
"dem",2019-11-20,82.778975
"ind",2019-11-20,42.736122
"rep",2019-11-19,10.618562
"dem",2019-11-19,82.547528
"ind",2019-11-19,43.555696
"dem",2019-11-18,82.075176
"ind",2019-11-18,43.739185
"rep",2019-11-18,10.951511
"rep",2019-11-17,10.705753
"dem",2019-11-17,81.448518
"ind",2019-11-17,44.477552
"rep",2019-11-16,10.705753
"ind",2019-11-16,44.477552
"dem",2019-11-16,81.448518
"ind",2019-11-15,45.06456
"dem",2019-11-15,81.817737
"rep",2019-11-15,11.066234
"rep",2019-11-14,11.571911
"ind",2019-11-14,45.44438
"dem",2019-11-14,82.647378
"rep",2019-11-13,11.571911
"ind",2019-11-13,45.44438
"dem",2019-11-13,82.647378
"dem",2019-11-12,83.103992
"rep",2019-11-12,12.312496
"ind",2019-11-12,46.390039
"dem",2019-11-11,83.085037
"ind",2019-11-11,45.994225
"rep",2019-11-11,12.173765
"rep",2019-11-10,10.746895
"ind",2019-11-10,44.421135
"dem",2019-11-10,82.629549
"ind",2019-11-09,44.421135
"rep",2019-11-09,10.746895
"dem",2019-11-09,82.629549
"rep",2019-11-08,10.746895
"dem",2019-11-08,82.629549
"ind",2019-11-08,44.421135
"dem",2019-11-07,82.629549
"rep",2019-11-07,10.746895
"ind",2019-11-07,44.421135
"dem",2019-11-06,82.814436
"rep",2019-11-06,11.094168
"ind",2019-11-06,45.550477
"ind",2019-11-05,45.762861
"dem",2019-11-05,84.070798
"rep",2019-11-05,10.954165
"dem",2019-11-04,83.859217
"rep",2019-11-04,10.734958
"ind",2019-11-04,44.989774
"dem",2019-11-03,83.751387
"rep",2019-11-03,10.894407
"ind",2019-11-03,44.617055
"ind",2019-11-02,44.617055
"rep",2019-11-02,10.894407
"dem",2019-11-02,83.751387
"rep",2019-11-01,11.383079
"dem",2019-11-01,83.447534
"ind",2019-11-01,44.979421
"ind",2019-10-31,45.54172
"rep",2019-10-31,10.682101
"dem",2019-10-31,83.550584
"rep",2019-10-30,10.931409
"dem",2019-10-30,83.666715
"ind",2019-10-30,46.140315
"ind",2019-10-29,47.671359
"rep",2019-10-29,11.322727
"dem",2019-10-29,83.498892
"rep",2019-10-28,11.41039
"dem",2019-10-28,83.343124
"ind",2019-10-28,47.463688
"rep",2019-10-27,11.41039
"dem",2019-10-27,83.343124
"ind",2019-10-27,47.463688
"rep",2019-10-26,11.41039
"dem",2019-10-26,83.343124
"ind",2019-10-26,47.463688
"rep",2019-10-25,11.41049
"dem",2019-10-25,83.34305
"ind",2019-10-25,47.46372
"ind",2019-10-24,47.46372
"dem",2019-10-24,83.34305
"rep",2019-10-24,11.41049
"rep",2019-10-23,11.42061
"dem",2019-10-23,83.34793
"ind",2019-10-23,47.46372
"dem",2019-10-22,84.04867
"rep",2019-10-22,11.95231
"ind",2019-10-22,47.50541
"ind",2019-10-21,46.51831
"rep",2019-10-21,11.81818
"dem",2019-10-21,84.94012
"dem",2019-10-20,84.7516
"rep",2019-10-20,12.08355
"ind",2019-10-20,46.39312
"dem",2019-10-19,84.7516
"rep",2019-10-19,12.08355
"ind",2019-10-19,46.39312
"ind",2019-10-18,45.25886
"rep",2019-10-18,12.26701
"dem",2019-10-18,84.57467
"dem",2019-10-17,84.57467
"ind",2019-10-17,45.25886
"rep",2019-10-17,12.26701
"dem",2019-10-16,84.57467
"rep",2019-10-16,12.26701
"ind",2019-10-16,45.25886
"ind",2019-10-15,45.25886
"rep",2019-10-15,12.26701
"dem",2019-10-15,84.57467
"dem",2019-10-14,85.5178
"rep",2019-10-14,12.73443
"ind",2019-10-14,46.68378
"dem",2019-10-13,85.6519
"rep",2019-10-13,12.79718
"ind",2019-10-13,46.78121
"dem",2019-10-12,83.94033
"ind",2019-10-12,44.77037
"rep",2019-10-12,13.32183
"rep",2019-10-11,13.32183
"ind",2019-10-11,44.77037
"dem",2019-10-11,83.94033
"rep",2019-10-10,13.08767
"dem",2019-10-10,83.4771
"ind",2019-10-10,44.00917
"rep",2019-10-09,13.30276
"ind",2019-10-09,44.42458
"dem",2019-10-09,83.37975
"dem",2019-10-08,83.05876
"rep",2019-10-08,13.53738
"ind",2019-10-08,45.08298
"dem",2019-10-07,82.31651
"ind",2019-10-07,45.30635
"rep",2019-10-07,14.41592
"rep",2019-10-06,15.15178
"dem",2019-10-06,80.67793
"ind",2019-10-06,44.71933
"ind",2019-10-05,41.21911
"rep",2019-10-05,13.68239
"dem",2019-10-05,79.15336
"dem",2019-10-04,78.8896
"ind",2019-10-04,41.21911
"rep",2019-10-04,13.88853
"ind",2019-10-03,41.21911
"rep",2019-10-03,13.88853
"dem",2019-10-03,78.8896
"ind",2019-10-02,41.30194
"dem",2019-10-02,79.14883
"rep",2019-10-02,12.53013
"dem",2019-10-01,79.52609
"rep",2019-10-01,12.11764
"ind",2019-10-01,41.51033
"ind",2019-09-30,42.7961
"rep",2019-09-30,12.3892
"dem",2019-09-30,79.35397
"rep",2019-09-29,12.68073
"ind",2019-09-29,42.29112
"dem",2019-09-29,79.04333
"ind",2019-09-28,40.55323
"rep",2019-09-28,12.25358
"dem",2019-09-28,77.89877
"dem",2019-09-27,77.89877
"ind",2019-09-27,40.55323
"rep",2019-09-27,12.25358
"rep",2019-09-26,9.336895
"ind",2019-09-26,37.40062
"dem",2019-09-26,75.47726
"dem",2019-09-25,73.58596
"ind",2019-09-25,36.33539
"rep",2019-09-25,8.137171
"ind",2019-09-24,34.40601
"rep",2019-09-24,8.510169
"dem",2019-09-24,70.88675
"ind",2019-09-23,34.68036
"rep",2019-09-23,8.849951
"dem",2019-09-23,71.91502
"dem",2019-09-22,70.5908
"rep",2019-09-22,8.832684
"ind",2019-09-22,33.93178
"rep",2019-09-21,9.720815
"ind",2019-09-21,33.86127
"dem",2019-09-21,71.55097
"rep",2019-09-20,9.720815
"ind",2019-09-20,33.86127
"dem",2019-09-20,71.55097
"ind",2019-09-19,33.86127
"rep",2019-09-19,9.720815
"dem",2019-09-19,71.55097
"dem",2019-09-18,71.55097
"ind",2019-09-18,33.86127
"rep",2019-09-18,9.720815
"ind",2019-09-17,33.86127
"rep",2019-09-17,9.720815
"dem",2019-09-17,71.55097
"rep",2019-09-16,9.720815
"dem",2019-09-16,71.55097
"ind",2019-09-16,33.86127
"dem",2019-09-15,71.10723
"ind",2019-09-15,34.07283
"rep",2019-09-15,8.829132
"ind",2019-09-14,34.68771
"rep",2019-09-14,9.300716
"dem",2019-09-14,70.49465
"dem",2019-09-13,70.49465
"rep",2019-09-13,9.300716
"ind",2019-09-13,34.68771
"rep",2019-09-12,9.300716
"dem",2019-09-12,70.49465
"ind",2019-09-12,34.68771
"dem",2019-09-11,70.49465
"rep",2019-09-11,9.300716
"ind",2019-09-11,34.68771
"dem",2019-09-10,69.40022
"ind",2019-09-10,34.04877
"rep",2019-09-10,7.633274
"rep",2019-09-09,7.633274
"ind",2019-09-09,34.04877
"dem",2019-09-09,69.40022
"dem",2019-09-08,69.25748
"ind",2019-09-08,34.45115
"rep",2019-09-08,7.292864
"ind",2019-09-07,35.28571
"dem",2019-09-07,71.26157
"rep",2019-09-07,8.000834
"ind",2019-09-06,35.28571
"rep",2019-09-06,8.000834
"dem",2019-09-06,71.26157
"ind",2019-09-05,35.28571
"rep",2019-09-05,8.000834
"dem",2019-09-05,71.26157
"ind",2019-09-04,35.28571
"dem",2019-09-04,71.26157
"rep",2019-09-04,8.000834
"rep",2019-09-03,8.000834
"ind",2019-09-03,35.28571
"dem",2019-09-03,71.26157
"ind",2019-09-02,35.28571
"rep",2019-09-02,8.000834
"dem",2019-09-02,71.26157
"rep",2019-09-01,8.59335
"ind",2019-09-01,34.39123
"dem",2019-09-01,70.28587
"ind",2019-08-31,34.39123
"rep",2019-08-31,8.59335
"dem",2019-08-31,70.28587
"ind",2019-08-30,34.39123
"rep",2019-08-30,8.59335
"dem",2019-08-30,70.28587
"dem",2019-08-29,70.28587
"ind",2019-08-29,34.39123
"rep",2019-08-29,8.59335
"rep",2019-08-28,8.59335
"dem",2019-08-28,70.28587
"ind",2019-08-28,34.39123
"rep",2019-08-27,8.59335
"dem",2019-08-27,70.28587
"ind",2019-08-27,34.39123
"dem",2019-08-26,70.28587
"ind",2019-08-26,34.39123
"rep",2019-08-26,8.59335
"rep",2019-08-25,8.212267
"dem",2019-08-25,70.1151
"ind",2019-08-25,33.42746
"ind",2019-08-24,33.33755
"dem",2019-08-24,69.55782
"rep",2019-08-24,8.388264
"ind",2019-08-23,33.33755
"rep",2019-08-23,8.388264
"dem",2019-08-23,69.55782
"dem",2019-08-22,69.55782
"ind",2019-08-22,33.33755
"rep",2019-08-22,8.388264
"rep",2019-08-21,8.388264
"ind",2019-08-21,33.33755
"dem",2019-08-21,69.55782
"ind",2019-08-20,33.33755
"rep",2019-08-20,8.388264
"dem",2019-08-20,69.55782
"rep",2019-08-19,9.729418
"ind",2019-08-19,34.28102
"dem",2019-08-19,69.7234
"ind",2019-08-18,34.85954
"rep",2019-08-18,8.942824
"dem",2019-08-18,69.7057
"dem",2019-08-17,70.30132
"ind",2019-08-17,34.35067
"rep",2019-08-17,10.22849
"dem",2019-08-16,70.30132
"rep",2019-08-16,10.22849
"ind",2019-08-16,34.35067
"dem",2019-08-15,70.30132
"rep",2019-08-15,10.22849
"ind",2019-08-15,34.35067
"rep",2019-08-14,10.22849
"ind",2019-08-14,34.35067
"dem",2019-08-14,70.30132
"dem",2019-08-13,70.30132
"rep",2019-08-13,10.22849
"ind",2019-08-13,34.35067
"ind",2019-08-12,34.35067
"rep",2019-08-12,10.22849
"dem",2019-08-12,70.30132
"rep",2019-08-11,9.769506
"ind",2019-08-11,33.55318
"dem",2019-08-11,69.9733
"rep",2019-08-10,9.769506
"ind",2019-08-10,33.55318
"dem",2019-08-10,69.9733
"ind",2019-08-09,33.54754
"dem",2019-08-09,68.81796
"rep",2019-08-09,8.959452
"rep",2019-08-08,8.959452
"dem",2019-08-08,68.81796
"ind",2019-08-08,33.54754
"ind",2019-08-07,33.54754
"rep",2019-08-07,8.959452
"dem",2019-08-07,68.81796
"rep",2019-08-06,8.959452
"ind",2019-08-06,33.54754
"dem",2019-08-06,68.81796
"ind",2019-08-05,33.54754
"rep",2019-08-05,8.959452
"dem",2019-08-05,68.81796
"ind",2019-08-04,32.49687
"dem",2019-08-04,67.6105
"rep",2019-08-04,7.844252
"dem",2019-08-03,67.6105
"ind",2019-08-03,32.49687
"rep",2019-08-03,7.844252
"dem",2019-08-02,66.65798
"rep",2019-08-02,8.269515
"ind",2019-08-02,32.68993
"dem",2019-08-01,66.65798
"ind",2019-08-01,32.68993
"rep",2019-08-01,8.269515
"ind",2019-07-31,32.68993
"rep",2019-07-31,8.269515
"dem",2019-07-31,66.65798
"dem",2019-07-30,66.65798
"rep",2019-07-30,8.269515
"ind",2019-07-30,32.68993
"rep",2019-07-29,8.411738
"ind",2019-07-29,33.71931
"dem",2019-07-29,67.69491
"rep",2019-07-28,7.164382
"ind",2019-07-28,33.89971
"dem",2019-07-28,67.47424
"dem",2019-07-27,68.83722
"rep",2019-07-27,8.234186
"ind",2019-07-27,35.22823
"dem",2019-07-26,68.83722
"rep",2019-07-26,8.234186
"ind",2019-07-26,35.22823
"dem",2019-07-25,68.83722
"ind",2019-07-25,35.22823
"rep",2019-07-25,8.234186
"rep",2019-07-24,8.715902
"ind",2019-07-24,35.26582
"dem",2019-07-24,69.31252
"ind",2019-07-23,35.26582
"dem",2019-07-23,69.31252
"rep",2019-07-23,8.715902
"rep",2019-07-22,9.203953
"ind",2019-07-22,34.47952
"dem",2019-07-22,67.13666
"rep",2019-07-21,9.203953
"ind",2019-07-21,34.47952
"dem",2019-07-21,67.13666
"dem",2019-07-20,67.25156
"ind",2019-07-20,33.31029
"rep",2019-07-20,9.447983
"dem",2019-07-19,67.25156
"rep",2019-07-19,9.447983
"ind",2019-07-19,33.31029
"ind",2019-07-18,33.31029
"rep",2019-07-18,9.447983
"dem",2019-07-18,67.25156
"dem",2019-07-17,65.21889
"rep",2019-07-17,9.762188
"ind",2019-07-17,33.54711
"dem",2019-07-16,65.21889
"ind",2019-07-16,33.54711
"rep",2019-07-16,9.762188
"dem",2019-07-15,66.54375
"rep",2019-07-15,9.236077
"ind",2019-07-15,36.49604
"rep",2019-07-14,8.580741
"ind",2019-07-14,36.14394
"dem",2019-07-14,66.5352
"ind",2019-07-13,36.14394
"dem",2019-07-13,66.5352
"rep",2019-07-13,8.580741
"ind",2019-07-12,36.14394
"dem",2019-07-12,66.5352
"rep",2019-07-12,8.580741
"rep",2019-07-11,8.580741
"ind",2019-07-11,36.14394
"dem",2019-07-11,66.5352
"rep",2019-07-10,8.580741
"dem",2019-07-10,66.5352
"ind",2019-07-10,36.14394
"ind",2019-07-09,36.14394
"rep",2019-07-09,8.580741
"dem",2019-07-09,66.5352
"dem",2019-07-08,66.5352
"rep",2019-07-08,8.580741
"ind",2019-07-08,36.14394
"rep",2019-07-07,8.089804
"ind",2019-07-07,35.83666
"dem",2019-07-07,66.45293
"ind",2019-07-06,35.83666
"rep",2019-07-06,8.089804
"dem",2019-07-06,66.45293
"rep",2019-07-05,8.089804
"ind",2019-07-05,35.83666
"dem",2019-07-05,66.45293
"rep",2019-07-04,8.089804
"ind",2019-07-04,35.83666
"dem",2019-07-04,66.45293
"dem",2019-07-03,66.45293
"rep",2019-07-03,8.089804
"ind",2019-07-03,35.83666
"rep",2019-07-02,8.089804
"ind",2019-07-02,35.83666
"dem",2019-07-02,66.45293
"ind",2019-07-01,35.83666
"dem",2019-07-01,66.45293
"rep",2019-07-01,8.089804
"dem",2019-06-30,68.69518
"ind",2019-06-30,35.33698
"rep",2019-06-30,8.746777
"ind",2019-06-29,35.33698
"rep",2019-06-29,8.746777
"dem",2019-06-29,68.69518
"dem",2019-06-28,68.69518
"ind",2019-06-28,35.33698
"rep",2019-06-28,8.746777
"dem",2019-06-27,68.69518
"ind",2019-06-27,35.33698
"rep",2019-06-27,8.746777
"dem",2019-06-26,68.69518
"rep",2019-06-26,8.746777
"ind",2019-06-26,35.33698
"rep",2019-06-25,8.746777
"ind",2019-06-25,35.33698
"dem",2019-06-25,68.69518
"dem",2019-06-24,68.69518
"ind",2019-06-24,35.33698
"rep",2019-06-24,8.746777
"dem",2019-06-23,68.59709
"rep",2019-06-23,8.569736
"ind",2019-06-23,33.87597
"ind",2019-06-22,33.87597
"rep",2019-06-22,8.569736
"dem",2019-06-22,68.59709
"rep",2019-06-21,8.569736
"ind",2019-06-21,33.87597
"dem",2019-06-21,68.59709
"rep",2019-06-20,8.569736
"ind",2019-06-20,33.87597
"dem",2019-06-20,68.59709
"rep",2019-06-19,8.569736
"ind",2019-06-19,33.87597
"dem",2019-06-19,68.59709
"dem",2019-06-18,68.59709
"rep",2019-06-18,8.569736
"ind",2019-06-18,33.87597
"ind",2019-06-17,33.87597
"dem",2019-06-17,68.59709
"rep",2019-06-17,8.569736
"ind",2019-06-16,34.52164
"rep",2019-06-16,7.821731
"dem",2019-06-16,69.05783
"rep",2019-06-15,7.86423
"ind",2019-06-15,35.28846
"dem",2019-06-15,69.24455
"dem",2019-06-14,71.0479
"ind",2019-06-14,37.53931
"rep",2019-06-14,7.703203
"ind",2019-06-13,37.53931
"rep",2019-06-13,7.703203
"dem",2019-06-13,71.0479
"ind",2019-06-12,37.53931
"rep",2019-06-12,7.703203
"dem",2019-06-12,71.0479
"dem",2019-06-11,68.33129
"ind",2019-06-11,35.9807
"rep",2019-06-11,7.547239
"ind",2019-06-10,35.9807
"dem",2019-06-10,68.33129
"rep",2019-06-10,7.547239
"dem",2019-06-09,68.95649
"ind",2019-06-09,34.45367
"rep",2019-06-09,8.532762
"dem",2019-06-08,70.12943
"ind",2019-06-08,33.57333
"rep",2019-06-08,9.573143
"dem",2019-06-07,70.12943
"rep",2019-06-07,9.573143
"ind",2019-06-07,33.57333
"rep",2019-06-06,9.573143
"dem",2019-06-06,70.12943
"ind",2019-06-06,33.57333
"ind",2019-06-05,33.57333
"rep",2019-06-05,9.573143
"dem",2019-06-05,70.12943
"rep",2019-06-04,9.573143
"ind",2019-06-04,33.57333
"dem",2019-06-04,70.12943
"dem",2019-06-03,70.12943
"ind",2019-06-03,33.57333
"rep",2019-06-03,9.573143
"rep",2019-06-02,9.538594
"ind",2019-06-02,33.01809
"dem",2019-06-02,69.96004
"dem",2019-06-01,69.71985
"rep",2019-06-01,10.24292
"ind",2019-06-01,32.79103
"ind",2019-05-31,32.79103
"dem",2019-05-31,69.71985
"rep",2019-05-31,10.24292
"rep",2019-05-30,11.05527
"ind",2019-05-30,31.01622
"dem",2019-05-30,67.37096
"dem",2019-05-29,66.87001
"ind",2019-05-29,31.3193
"rep",2019-05-29,11.11653
"dem",2019-05-28,66.87001
"rep",2019-05-28,11.11653
"ind",2019-05-28,31.3193
"rep",2019-05-27,11.91375
"dem",2019-05-27,68.4305
"ind",2019-05-27,32.91422
"rep",2019-05-26,11.91375
"ind",2019-05-26,32.91422
"dem",2019-05-26,68.4305
"dem",2019-05-25,70.39458
"ind",2019-05-25,33.55247
"rep",2019-05-25,11.67977
"dem",2019-05-24,70.39458
"rep",2019-05-24,11.67977
"ind",2019-05-24,33.55247
"rep",2019-05-23,11.67977
"ind",2019-05-23,33.55247
"dem",2019-05-23,70.39458
"rep",2019-05-22,11.31775
"ind",2019-05-22,33.30706
"dem",2019-05-22,72.66107
"rep",2019-05-21,9.681665
"ind",2019-05-21,32.31157
"dem",2019-05-21,70.29792
"rep",2019-05-20,9.681665
"ind",2019-05-20,32.31157
"dem",2019-05-20,70.29792
"rep",2019-05-19,9.254711
"ind",2019-05-19,33.20319
"dem",2019-05-19,68.64964
"dem",2019-05-18,68.64964
"ind",2019-05-18,33.20319
"rep",2019-05-18,9.254711
"dem",2019-05-17,68.64964
"ind",2019-05-17,33.20319
"rep",2019-05-17,9.254711
"rep",2019-05-16,9.254711
"ind",2019-05-16,33.20319
"dem",2019-05-16,68.64964
"dem",2019-05-15,68.64964
"rep",2019-05-15,9.254711
"ind",2019-05-15,33.20319
"dem",2019-05-14,68.64964
"rep",2019-05-14,9.254711
"ind",2019-05-14,33.20319
"ind",2019-05-13,33.0181
"rep",2019-05-13,9.359218
"dem",2019-05-13,66.72051
"dem",2019-05-12,66.72051
"rep",2019-05-12,9.359218
"ind",2019-05-12,33.0181
"rep",2019-05-11,10.1732
"dem",2019-05-11,66.16306
"ind",2019-05-11,33.57709
"rep",2019-05-10,10.1732
"ind",2019-05-10,33.57709
"dem",2019-05-10,66.16306
"dem",2019-05-09,66.16306
"rep",2019-05-09,10.1732
"ind",2019-05-09,33.57709
"ind",2019-05-08,33.57709
"rep",2019-05-08,10.1732
"dem",2019-05-08,66.16306
"ind",2019-05-07,33.57709
"rep",2019-05-07,10.1732
"dem",2019-05-07,66.16306
"dem",2019-05-06,64.33037
"ind",2019-05-06,31.61382
"rep",2019-05-06,8.633554
"ind",2019-05-05,31.61382
"dem",2019-05-05,64.33037
"rep",2019-05-05,8.633554
"dem",2019-05-04,63.79367
"ind",2019-05-04,31.61382
"rep",2019-05-04,7.800708
"dem",2019-05-03,63.12061
"rep",2019-05-03,7.968034
"ind",2019-05-03,31.44715
"dem",2019-05-02,63.12061
"ind",2019-05-02,31.44715
"rep",2019-05-02,7.968034
"dem",2019-05-01,63.12061
"rep",2019-05-01,7.968034
"ind",2019-05-01,31.44715
"ind",2019-04-30,31.44715
"dem",2019-04-30,63.12061
"rep",2019-04-30,7.968034
"dem",2019-04-29,63.12061
"rep",2019-04-29,7.968034
"ind",2019-04-29,31.44715
"dem",2019-04-28,65.21774
"ind",2019-04-28,33.28246
"rep",2019-04-28,9.373521
"ind",2019-04-27,34.59429
"rep",2019-04-27,9.944464
"dem",2019-04-27,64.69214
"rep",2019-04-26,9.944464
"ind",2019-04-26,34.59429
"dem",2019-04-26,64.69214
"ind",2019-04-25,34.59429
"rep",2019-04-25,9.944464
"dem",2019-04-25,64.69214
"rep",2019-04-24,10.05364
"ind",2019-04-24,34.47532
"dem",2019-04-24,65.30791
"dem",2019-04-23,65.30791
"ind",2019-04-23,34.47532
"rep",2019-04-23,10.05364
"dem",2019-04-22,65.30791
"ind",2019-04-22,34.47532
"rep",2019-04-22,10.05364
"rep",2019-04-21,9.987874
"ind",2019-04-21,34.46571
"dem",2019-04-21,65.20064
"dem",2019-04-20,67.27377
"ind",2019-04-20,35.30672
"rep",2019-04-20,11.0632
"rep",2019-04-19,9.712152
"dem",2019-04-19,66.82259
"ind",2019-04-19,35.10417
"ind",2019-04-18,33.67686
"dem",2019-04-18,67.06287
"rep",2019-04-18,9.477621
"ind",2019-04-17,33.67686
"rep",2019-04-17,9.477621
"dem",2019-04-17,67.06287
"dem",2019-04-16,67.06287
"ind",2019-04-16,33.67686
"rep",2019-04-16,9.477621
"dem",2019-04-15,67.06287
"rep",2019-04-15,9.477621
"ind",2019-04-15,33.67686
"rep",2019-04-14,9.477621
"ind",2019-04-14,33.67686
"dem",2019-04-14,67.06287
"ind",2019-04-13,33.67686
"rep",2019-04-13,9.477621
"dem",2019-04-13,67.06287
"ind",2019-04-12,33.67686
"rep",2019-04-12,9.477621
"dem",2019-04-12,67.06287
"dem",2019-04-11,67.06287
"ind",2019-04-11,33.67686
"rep",2019-04-11,9.477621
"ind",2019-04-10,33.67686
"rep",2019-04-10,9.477621
"dem",2019-04-10,67.06287
"rep",2019-04-09,9.477621
"ind",2019-04-09,33.67686
"dem",2019-04-09,67.06287
"rep",2019-04-08,9.477621
"ind",2019-04-08,33.67686
"dem",2019-04-08,67.06287
"rep",2019-04-07,9.477621
"dem",2019-04-07,67.06287
"ind",2019-04-07,33.67686
"dem",2019-04-06,67.06287
"ind",2019-04-06,33.67686
"rep",2019-04-06,9.477621
"dem",2019-04-05,67.07989
"rep",2019-04-05,9.628104
"ind",2019-04-05,33.67686
"ind",2019-04-04,33.67686
"rep",2019-04-04,9.782581
"dem",2019-04-04,67.04274
"dem",2019-04-03,66.73198
"rep",2019-04-03,9.655438
"ind",2019-04-03,33.67686
"rep",2019-04-02,9.51979
"ind",2019-04-02,33.41661
"dem",2019-04-02,66.38535
"ind",2019-04-01,33.09879
"rep",2019-04-01,9.502285
"dem",2019-04-01,66.27958
"ind",2019-03-31,33.02002
"dem",2019-03-31,66.05674
"rep",2019-03-31,9.55017
"rep",2019-03-30,9.447498
"ind",2019-03-30,33.24543
"dem",2019-03-30,65.76398
"dem",2019-03-29,65.68764
"ind",2019-03-29,33.29307
"rep",2019-03-29,9.320068
"rep",2019-03-28,9.402803
"dem",2019-03-28,65.26586
"ind",2019-03-28,33.88266
"rep",2019-03-27,9.375697
"dem",2019-03-27,66.35358
"ind",2019-03-27,33.22035
"ind",2019-03-26,33.36082
"dem",2019-03-26,66.36377
"rep",2019-03-26,9.477504
"dem",2019-03-25,66.4216
"rep",2019-03-25,9.443579
"ind",2019-03-25,33.51656
"rep",2019-03-24,9.016717
"ind",2019-03-24,34.00037
"dem",2019-03-24,66.03361
"ind",2019-03-23,33.64357
"dem",2019-03-23,66.47206
"rep",2019-03-23,9.016346
"rep",2019-03-22,9.147488
"ind",2019-03-22,33.55341
"dem",2019-03-22,66.73876
"rep",2019-03-21,9.081526
"ind",2019-03-21,33.82105
"dem",2019-03-21,67.0002
"rep",2019-03-20,8.99768
"dem",2019-03-20,67.16817
"ind",2019-03-20,33.65797
"dem",2019-03-19,67.68396
"ind",2019-03-19,33.65797
"rep",2019-03-19,9.014825
"rep",2019-03-18,8.908783
"ind",2019-03-18,33.65797
"dem",2019-03-18,67.92533
"rep",2019-03-17,8.705199
"dem",2019-03-17,67.87392
"ind",2019-03-17,33.65797
"ind",2019-03-16,37.34097
"rep",2019-03-16,10.60058
"dem",2019-03-16,73.07673
"dem",2019-03-15,73.1925
"ind",2019-03-15,37.34097
"rep",2019-03-15,10.41089
"dem",2019-03-14,73.83356
"ind",2019-03-14,37.22718
"rep",2019-03-14,10.01402
"rep",2019-03-13,9.984421
"ind",2019-03-13,37.3367
"dem",2019-03-13,73.79555
"dem",2019-03-12,73.97609
"rep",2019-03-12,10.32611
"ind",2019-03-12,37.4513
"ind",2019-03-11,37.6395
"rep",2019-03-11,10.5264
"dem",2019-03-11,74.00761
"rep",2019-03-10,10.50064
"ind",2019-03-10,37.9986
"dem",2019-03-10,73.80525
"ind",2019-03-09,38.2307
"rep",2019-03-09,10.37576
"dem",2019-03-09,73.81719
"ind",2019-03-08,37.91092
"rep",2019-03-08,10.5283
"dem",2019-03-08,74.01384
"rep",2019-03-07,10.82039
"dem",2019-03-07,73.99792
"ind",2019-03-07,38.17455
"rep",2019-03-06,11.27128
"ind",2019-03-06,38.6783
"dem",2019-03-06,74.29472
"rep",2019-03-05,10.99521
"dem",2019-03-05,74.39663
"ind",2019-03-05,38.94392
"rep",2019-03-04,10.84761
"ind",2019-03-04,38.90749
"dem",2019-03-04,74.4459
"dem",2019-03-03,76.7224
"rep",2019-03-03,12.03089
"ind",2019-03-03,41.68032
"ind",2019-03-02,41.68032
"dem",2019-03-02,76.68631
"rep",2019-03-02,12.07512
"rep",2019-03-01,11.84117
"dem",2019-03-01,76.39194
"ind",2019-03-01,41.68032
